-- Adminer 4.7.6 MySQL dump

SET NAMES utf8;
SET time_zone = '+00:00';
SET foreign_key_checks = 0;
SET sql_mode = 'NO_AUTO_VALUE_ON_ZERO';

CREATE TABLE `departed` (
  `id` int NOT NULL AUTO_INCREMENT,
  `first_name` varchar(25) NOT NULL DEFAULT '',
  `last_name` varchar(25) NOT NULL DEFAULT '',
  `nick_name` varchar(25) NOT NULL DEFAULT '',
  `death_date` date DEFAULT NULL,
  `burial_date` date DEFAULT NULL,
  `object_id` smallint NOT NULL,
  PRIMARY KEY (`id`),
  KEY `fk_departed_object_id` (`object_id`),
  CONSTRAINT `fk_departed_object_id` FOREIGN KEY (`object_id`) REFERENCES `objects` (`id`) ON DELETE RESTRICT ON UPDATE RESTRICT
) ENGINE=InnoDB DEFAULT CHARSET=utf8;


CREATE TABLE `invoice_descs` (
  `id` smallint NOT NULL AUTO_INCREMENT,
  `invoice_desc` varchar(45) NOT NULL,
  PRIMARY KEY (`id`)
) ENGINE=InnoDB DEFAULT CHARSET=utf8;

INSERT INTO `invoice_descs` (`id`, `invoice_desc`) VALUES
(1,	'Članarina'),
(2,	'Gorivo'),
(3,	'Građevinska oprema'),
(4,	'Alati'),
(5,	'Vodovodni materijal'),
(6,	'Plaća');

CREATE TABLE `invoices` (
  `id` bigint NOT NULL AUTO_INCREMENT,
  `invoice_date` date NOT NULL,
  `debt` bigint NOT NULL,
  `credit` bigint NOT NULL,
  `subject_id` smallint NOT NULL,
  `invoice_desc_id` smallint NOT NULL,
  PRIMARY KEY (`id`),
  KEY `fk_invoice_invoice_desc_id` (`invoice_desc_id`),
  KEY `fk_invoice_subject_id` (`subject_id`),
  CONSTRAINT `fk_invoice_invoice_desc_id` FOREIGN KEY (`invoice_desc_id`) REFERENCES `invoice_descs` (`id`) ON DELETE RESTRICT ON UPDATE RESTRICT,
  CONSTRAINT `fk_invoice_subject_id` FOREIGN KEY (`subject_id`) REFERENCES `subjects` (`id`) ON DELETE RESTRICT ON UPDATE RESTRICT
) ENGINE=InnoDB DEFAULT CHARSET=utf8;

INSERT INTO `invoices` (`id`, `invoice_date`, `debt`, `credit`, `subject_id`, `invoice_desc_id`) VALUES
(1,	'2019-01-15',	4000,	0,	1,	1),
(2,	'2019-01-15',	4000,	0,	2,	1),
(3,	'2019-01-15',	4000,	0,	4,	1),
(4,	'2019-01-15',	4000,	0,	5,	1),
(5,	'2019-01-15',	4000,	0,	6,	1),
(6,	'2019-01-15',	4000,	0,	7,	1),
(7,	'2019-01-15',	4000,	0,	8,	1),
(8,	'2019-01-15',	4000,	0,	9,	1),
(9,	'2019-01-15',	4000,	0,	10,	1),
(10,	'2019-01-15',	4000,	0,	11,	1),
(11,	'2019-01-15',	4000,	0,	12,	1),
(12,	'2019-01-15',	4000,	0,	13,	1),
(13,	'2019-01-15',	4000,	0,	14,	1),
(14,	'2019-01-15',	4000,	0,	15,	1),
(15,	'2019-01-15',	4000,	0,	16,	1),
(16,	'2019-01-15',	4000,	0,	17,	1),
(17,	'2019-01-15',	4000,	0,	18,	1),
(18,	'2019-01-15',	4000,	0,	19,	1),
(19,	'2019-01-15',	4000,	0,	20,	1),
(20,	'2019-01-15',	4000,	0,	21,	1),
(21,	'2019-01-15',	4000,	0,	22,	1),
(22,	'2019-01-15',	4000,	0,	23,	1),
(23,	'2019-01-15',	4000,	0,	24,	1),
(24,	'2019-01-15',	4000,	0,	25,	1),
(25,	'2019-01-15',	4000,	0,	26,	1),
(26,	'2019-01-15',	4000,	0,	27,	1),
(27,	'2019-01-15',	4000,	0,	28,	1),
(28,	'2019-01-15',	4000,	0,	29,	1),
(29,	'2019-01-15',	4000,	0,	30,	1),
(30,	'2019-01-15',	4000,	0,	31,	1),
(31,	'2019-01-15',	4000,	0,	32,	1),
(32,	'2019-01-15',	4000,	0,	33,	1),
(33,	'2019-01-15',	4000,	0,	34,	1),
(34,	'2019-01-15',	4000,	0,	35,	1),
(35,	'2019-01-15',	4000,	0,	36,	1),
(36,	'2019-01-15',	4000,	0,	37,	1),
(37,	'2019-01-15',	4000,	0,	38,	1),
(38,	'2019-01-15',	4000,	0,	39,	1),
(39,	'2019-01-15',	4000,	0,	40,	1),
(40,	'2019-01-15',	4000,	0,	41,	1),
(41,	'2019-01-15',	4000,	0,	42,	1),
(42,	'2019-01-15',	4000,	0,	43,	1),
(43,	'2019-01-15',	4000,	0,	44,	1),
(44,	'2019-01-15',	4000,	0,	45,	1),
(45,	'2019-01-15',	4000,	0,	46,	1),
(46,	'2019-01-15',	4000,	0,	47,	1),
(47,	'2019-01-15',	4000,	0,	48,	1),
(48,	'2019-01-15',	4000,	0,	50,	1),
(49,	'2019-01-15',	4000,	0,	51,	1),
(50,	'2019-01-15',	4000,	0,	52,	1),
(51,	'2019-01-15',	4000,	0,	53,	1),
(52,	'2019-01-15',	4000,	0,	55,	1),
(53,	'2019-01-15',	4000,	0,	56,	1),
(54,	'2019-01-15',	4000,	0,	57,	1),
(55,	'2019-01-15',	4000,	0,	59,	1),
(56,	'2019-01-15',	4000,	0,	60,	1),
(57,	'2019-01-15',	4000,	0,	61,	1),
(58,	'2019-01-15',	4000,	0,	62,	1),
(59,	'2019-01-15',	4000,	0,	63,	1),
(60,	'2019-01-15',	4000,	0,	64,	1),
(61,	'2019-01-15',	4000,	0,	66,	1),
(62,	'2019-01-15',	4000,	0,	67,	1),
(63,	'2019-01-15',	4000,	0,	68,	1),
(64,	'2019-01-15',	4000,	0,	70,	1),
(65,	'2019-01-15',	4000,	0,	71,	1),
(66,	'2019-01-15',	4000,	0,	72,	1),
(67,	'2019-01-15',	4000,	0,	73,	1),
(68,	'2019-01-15',	4000,	0,	74,	1),
(69,	'2019-01-15',	4000,	0,	75,	1),
(70,	'2019-01-15',	4000,	0,	76,	1),
(71,	'2019-01-15',	4000,	0,	77,	1),
(72,	'2019-01-15',	4000,	0,	78,	1),
(73,	'2019-01-15',	4000,	0,	79,	1),
(74,	'2019-01-15',	4000,	0,	80,	1),
(75,	'2019-01-15',	4000,	0,	81,	1),
(76,	'2019-01-15',	4000,	0,	82,	1),
(77,	'2019-01-15',	4000,	0,	83,	1),
(78,	'2019-01-15',	4000,	0,	84,	1),
(79,	'2019-01-15',	4000,	0,	85,	1),
(80,	'2019-01-15',	4000,	0,	86,	1),
(81,	'2019-01-15',	4000,	0,	87,	1),
(82,	'2019-01-15',	4000,	0,	88,	1),
(83,	'2019-01-15',	4000,	0,	89,	1),
(84,	'2019-01-15',	4000,	0,	90,	1),
(85,	'2019-01-15',	4000,	0,	91,	1),
(86,	'2019-01-15',	4000,	0,	92,	1),
(87,	'2019-01-15',	4000,	0,	93,	1),
(88,	'2019-01-15',	4000,	0,	94,	1),
(89,	'2019-01-15',	4000,	0,	95,	1),
(90,	'2019-01-15',	4000,	0,	96,	1),
(91,	'2019-01-15',	4000,	0,	97,	1),
(92,	'2019-01-15',	4000,	0,	98,	1),
(93,	'2019-01-15',	4000,	0,	99,	1),
(94,	'2019-01-15',	4000,	0,	100,	1),
(95,	'2019-01-15',	4000,	0,	101,	1),
(96,	'2019-01-15',	4000,	0,	102,	1),
(97,	'2019-01-15',	4000,	0,	103,	1),
(98,	'2019-01-15',	4000,	0,	104,	1),
(99,	'2019-01-15',	4000,	0,	105,	1),
(100,	'2019-01-15',	4000,	0,	106,	1),
(101,	'2019-01-15',	4000,	0,	107,	1),
(102,	'2019-01-15',	4000,	0,	109,	1),
(103,	'2019-01-15',	4000,	0,	110,	1),
(104,	'2019-01-15',	4000,	0,	111,	1),
(105,	'2019-01-15',	4000,	0,	112,	1),
(106,	'2019-01-15',	4000,	0,	113,	1),
(107,	'2019-01-15',	4000,	0,	114,	1),
(108,	'2019-01-15',	4000,	0,	115,	1),
(109,	'2019-01-15',	4000,	0,	116,	1),
(110,	'2019-01-15',	4000,	0,	117,	1),
(111,	'2019-01-15',	4000,	0,	118,	1),
(112,	'2019-01-15',	4000,	0,	119,	1),
(113,	'2019-01-15',	4000,	0,	120,	1),
(114,	'2019-01-15',	4000,	0,	121,	1),
(115,	'2019-01-15',	4000,	0,	122,	1),
(116,	'2019-01-15',	4000,	0,	123,	1),
(117,	'2019-01-15',	4000,	0,	124,	1),
(118,	'2019-02-20',	0,	15000,	108,	2),
(119,	'2019-04-20',	0,	20000,	108,	2),
(120,	'2019-05-20',	0,	10000,	108,	2),
(121,	'2019-07-20',	0,	10000,	108,	2),
(122,	'2019-09-20',	0,	30000,	108,	2),
(123,	'2019-11-20',	0,	15000,	108,	2),
(124,	'2019-02-20',	0,	15000,	54,	5),
(125,	'2019-04-20',	0,	20000,	54,	5),
(126,	'2019-05-20',	0,	10000,	54,	5),
(127,	'2019-07-20',	0,	10000,	54,	5),
(128,	'2019-09-20',	0,	30000,	54,	5),
(129,	'2019-11-20',	0,	15000,	54,	5),
(130,	'2019-02-20',	0,	15000,	69,	4),
(131,	'2019-04-20',	0,	20000,	69,	4),
(132,	'2019-05-20',	0,	10000,	69,	4),
(133,	'2019-07-20',	0,	10000,	69,	4),
(134,	'2019-09-20',	0,	30000,	69,	4),
(135,	'2019-11-20',	0,	15000,	69,	4),
(136,	'2019-02-20',	0,	15000,	65,	3),
(137,	'2019-04-20',	0,	20000,	65,	3),
(138,	'2019-05-20',	0,	10000,	65,	3),
(139,	'2019-07-20',	0,	10000,	65,	3),
(140,	'2019-09-20',	0,	30000,	65,	3),
(141,	'2019-11-20',	0,	15000,	65,	3),
(142,	'2019-02-20',	0,	70000,	125,	6),
(143,	'2019-04-20',	0,	70000,	125,	6),
(144,	'2019-05-20',	0,	70000,	125,	6),
(145,	'2019-07-20',	0,	70000,	125,	6),
(146,	'2019-09-20',	0,	70000,	125,	6),
(147,	'2019-11-20',	0,	70000,	125,	6),
(148,	'2019-04-05',	0,	3,	54,	5);

CREATE TABLE `object_types` (
  `id` smallint NOT NULL AUTO_INCREMENT,
  `object_type` varchar(25) NOT NULL DEFAULT '',
  PRIMARY KEY (`id`)
) ENGINE=InnoDB DEFAULT CHARSET=utf8;

INSERT INTO `object_types` (`id`, `object_type`) VALUES
(1,	'Grob(1 vrata)'),
(2,	'Grob(2vrata)'),
(3,	'Grob(zemljani)');

CREATE TABLE `objects` (
  `id` smallint NOT NULL AUTO_INCREMENT,
  `field` varchar(10) NOT NULL,
  `location` smallint NOT NULL,
  `object_type_id` smallint NOT NULL,
  PRIMARY KEY (`id`),
  KEY `fk_object_object_type_id` (`object_type_id`),
  CONSTRAINT `fk_object_object_type_id` FOREIGN KEY (`object_type_id`) REFERENCES `object_types` (`id`) ON DELETE RESTRICT ON UPDATE RESTRICT
) ENGINE=InnoDB DEFAULT CHARSET=utf8;

INSERT INTO `objects` (`id`, `field`, `location`, `object_type_id`) VALUES
(1,	'A',	1,	1),
(2,	'A',	2,	1),
(3,	'A',	3,	1),
(4,	'A',	4,	2),
(5,	'A',	5,	2),
(6,	'A',	6,	1),
(7,	'A',	7,	2),
(8,	'A',	8,	1),
(9,	'A',	9,	1),
(10,	'A',	10,	2),
(11,	'A',	11,	3),
(12,	'A',	12,	1),
(13,	'B',	1,	1),
(14,	'B',	2,	2),
(15,	'B',	3,	2),
(16,	'B',	4,	2),
(17,	'B',	5,	2),
(18,	'B',	6,	2),
(19,	'B',	7,	1),
(20,	'B',	8,	1),
(21,	'B',	9,	1),
(22,	'B',	10,	2),
(23,	'B',	11,	2),
(24,	'B',	12,	1),
(25,	'B',	13,	2),
(26,	'B',	14,	1),
(27,	'C',	1,	1),
(28,	'C',	2,	2),
(29,	'C',	3,	3),
(30,	'C',	4,	1),
(31,	'C',	5,	1),
(32,	'C',	6,	2),
(33,	'C',	7,	2),
(34,	'C',	8,	2),
(35,	'C',	9,	2),
(36,	'C',	10,	2),
(37,	'C',	11,	1),
(38,	'C',	12,	1),
(39,	'C',	13,	1),
(40,	'C',	14,	2),
(41,	'C',	15,	2),
(42,	'C',	16,	1),
(43,	'C',	17,	2),
(44,	'C',	18,	1),
(45,	'C',	19,	1),
(46,	'D',	1,	2),
(47,	'D',	2,	3),
(48,	'D',	3,	1),
(49,	'D',	4,	1),
(50,	'D',	5,	2),
(51,	'D',	6,	2),
(52,	'D',	7,	2),
(53,	'D',	8,	2),
(54,	'D',	9,	2),
(55,	'D',	10,	3),
(56,	'D',	11,	3),
(57,	'D',	12,	1),
(58,	'D',	13,	1),
(59,	'D',	14,	1),
(60,	'D',	15,	2),
(61,	'D',	16,	2),
(62,	'D',	17,	1),
(63,	'D',	18,	2),
(64,	'D',	19,	1),
(65,	'D',	20,	1),
(66,	'D',	21,	2),
(67,	'D',	22,	3),
(68,	'E',	1,	1),
(69,	'E',	2,	1),
(70,	'E',	3,	2),
(71,	'E',	4,	2),
(72,	'E',	5,	2),
(73,	'E',	6,	2),
(74,	'E',	7,	2),
(75,	'E',	8,	3),
(76,	'E',	9,	1),
(77,	'E',	10,	1),
(78,	'E',	11,	1),
(79,	'E',	12,	2),
(80,	'E',	13,	2),
(81,	'E',	14,	1),
(82,	'E',	15,	2),
(83,	'E',	16,	1),
(84,	'E',	17,	1),
(85,	'E',	18,	2),
(86,	'F',	1,	3),
(87,	'F',	2,	1),
(88,	'F',	3,	1),
(89,	'F',	4,	2),
(90,	'F',	5,	2),
(91,	'F',	6,	2),
(92,	'F',	7,	2),
(93,	'F',	8,	2),
(94,	'F',	9,	1),
(95,	'F',	10,	1),
(96,	'F',	11,	1),
(97,	'F',	12,	2),
(98,	'F',	13,	2),
(99,	'F',	14,	1),
(100,	'F',	15,	2),
(101,	'F',	16,	1),
(102,	'F',	17,	1),
(103,	'F',	18,	2),
(104,	'G',	1,	3),
(105,	'G',	2,	1),
(106,	'G',	3,	1),
(107,	'G',	4,	2),
(108,	'G',	5,	2),
(109,	'G',	6,	2),
(110,	'G',	7,	2),
(111,	'G',	8,	2),
(112,	'G',	9,	3),
(113,	'G',	10,	1),
(114,	'G',	11,	1),
(115,	'G',	12,	1),
(116,	'G',	13,	2),
(117,	'G',	14,	2);

CREATE TABLE `subject_object_map` (
  `id` smallint NOT NULL AUTO_INCREMENT,
  `subject_id` smallint NOT NULL,
  `object_id` smallint NOT NULL,
  PRIMARY KEY (`id`),
  KEY `fk_subject_to_object_object_id` (`object_id`),
  KEY `fk_subject_to_object_subject_id` (`subject_id`),
  CONSTRAINT `fk_subject_to_object_object_id` FOREIGN KEY (`object_id`) REFERENCES `objects` (`id`) ON DELETE RESTRICT ON UPDATE RESTRICT,
  CONSTRAINT `fk_subject_to_object_subject_id` FOREIGN KEY (`subject_id`) REFERENCES `subjects` (`id`) ON DELETE RESTRICT ON UPDATE RESTRICT
) ENGINE=InnoDB DEFAULT CHARSET=utf8;

INSERT INTO `subject_object_map` (`id`, `subject_id`, `object_id`) VALUES
(1,	1,	58),
(2,	2,	18),
(3,	4,	21),
(4,	5,	15),
(5,	6,	51),
(6,	7,	47),
(7,	8,	20),
(8,	9,	73),
(9,	10,	101),
(10,	11,	62),
(11,	12,	24),
(12,	13,	114),
(13,	14,	1),
(14,	15,	30),
(15,	16,	27),
(16,	17,	67),
(17,	18,	106),
(18,	19,	98),
(19,	20,	75),
(20,	21,	55),
(21,	22,	52),
(22,	23,	10),
(23,	24,	113),
(24,	25,	105),
(25,	26,	41),
(26,	27,	50),
(27,	28,	72),
(28,	29,	83),
(29,	30,	103),
(30,	31,	97),
(31,	32,	91),
(32,	33,	77),
(33,	34,	70),
(34,	35,	13),
(35,	36,	17),
(36,	37,	57),
(37,	38,	112),
(38,	39,	43),
(39,	40,	37),
(40,	41,	96),
(41,	42,	115),
(42,	43,	60),
(43,	44,	29),
(44,	45,	88),
(45,	46,	86),
(46,	47,	95),
(47,	48,	23),
(48,	50,	69),
(49,	51,	61),
(50,	52,	40),
(51,	53,	56),
(52,	55,	16),
(53,	56,	2),
(54,	57,	14),
(55,	59,	93),
(56,	60,	22),
(57,	61,	85),
(58,	62,	28),
(59,	63,	42),
(60,	64,	33),
(61,	66,	9),
(62,	67,	11),
(63,	68,	99),
(64,	70,	32),
(65,	71,	48),
(66,	72,	66),
(67,	73,	5),
(68,	74,	31),
(69,	75,	100),
(70,	76,	53),
(71,	77,	81),
(72,	78,	82),
(73,	79,	64),
(74,	80,	116),
(75,	81,	19),
(76,	82,	111),
(77,	83,	89),
(78,	84,	80),
(79,	85,	54),
(80,	86,	102),
(81,	87,	76),
(82,	88,	109),
(83,	89,	71),
(84,	90,	87),
(85,	91,	79),
(86,	92,	6),
(87,	93,	107),
(88,	94,	39),
(89,	95,	68),
(90,	96,	8),
(91,	97,	84),
(92,	98,	44),
(93,	99,	63),
(94,	100,	12),
(95,	101,	46),
(96,	102,	94),
(97,	103,	65),
(98,	104,	45),
(99,	105,	36),
(100,	106,	36),
(101,	107,	38),
(102,	109,	59),
(103,	110,	25),
(104,	111,	3),
(105,	112,	7),
(106,	113,	26),
(107,	114,	110),
(108,	115,	35),
(109,	116,	74),
(110,	117,	34),
(111,	118,	78),
(112,	119,	90),
(113,	120,	49),
(114,	121,	108),
(115,	122,	92),
(116,	123,	104),
(117,	124,	4),
(118,	124,	117);

CREATE TABLE `subject_types` (
  `id` smallint NOT NULL AUTO_INCREMENT,
  `subject_type` varchar(25) NOT NULL DEFAULT '',
  PRIMARY KEY (`id`)
) ENGINE=InnoDB DEFAULT CHARSET=utf8;

INSERT INTO `subject_types` (`id`, `subject_type`) VALUES
(1,	'Korisnik'),
(2,	'Dobavljač'),
(3,	'Zaposlenik');

CREATE TABLE `subjects` (
  `id` smallint NOT NULL AUTO_INCREMENT,
  `first_name` varchar(25) NOT NULL DEFAULT '',
  `last_name` varchar(25) NOT NULL DEFAULT '',
  `nick_name` varchar(25) NOT NULL DEFAULT '',
  `address` varchar(45) NOT NULL DEFAULT '',
  `city` varchar(45) CHARACTER SET utf8 COLLATE utf8_general_ci NOT NULL,
  `mob` varchar(25) NOT NULL DEFAULT '',
  `email` varchar(25) NOT NULL DEFAULT '',
  `subject_type_id` smallint NOT NULL,
  PRIMARY KEY (`id`),
  KEY `fk_subject_subject_type_id` (`subject_type_id`),
  CONSTRAINT `fk_subject_subject_type_id` FOREIGN KEY (`subject_type_id`) REFERENCES `subject_types` (`id`) ON DELETE RESTRICT ON UPDATE RESTRICT
) ENGINE=InnoDB DEFAULT CHARSET=utf8;

INSERT INTO `subjects` (`id`, `first_name`, `last_name`, `nick_name`, `address`, `city`, `mob`, `email`, `subject_type_id`) VALUES
(1,	'Mate',	'Galić',	'',	'Galići bb',	'Gorica',	'123456',	'mate.galić@gmail.com',	1),
(2,	'Marija',	'Šimić',	'',	'Šimići bb',	'Sovići Donji',	'123456',	'marija.šimić@gmail.com',	1),
(3,	'Termomont d.o.o',	'',	'',	'Lukovac bb',	'Sovići Gornji',	'123456',	'termomont@gmail.com',	2),
(4,	'Ivana',	'Šimić',	'',	'Šimići bb',	'Sovići Donji',	'123456',	'ivana.šimić@gmail.com',	1),
(5,	'Ivan',	'Grizelj',	'',	'Podkrstina bb',	'Sovići Gornji',	'123456',	'ivan.grizelj@gmail.com',	1),
(6,	'Mate',	'Zorić',	'',	'Lukovac bb',	'Sovići Gornji',	'123456',	'mate.zorić@gmail.com',	1),
(7,	'Ivana',	'Galić',	'',	'Galići bb',	'Gorica',	'123456',	'ivana.galić@gmail.com',	1),
(8,	'Ivan',	'Jasak',	'',	'Podkrstina bb',	'Sovići Gornji',	'123456',	'ivan.jasak@gmail.com',	1),
(9,	'Mate',	'Šimić',	'',	'Šimići bb',	'Sovići Donji',	'123456',	'mate.šimić@gmail.com',	1),
(10,	'Marko',	'Prlić',	'',	'Prlići bb',	'Sovići Donji',	'123456',	'marko.prlić@gmail.com',	1),
(11,	'Mate',	'Vokić',	'',	'Vokići bb',	'Sovići Gornji',	'123456',	'mate.vokić@gmail.com',	1),
(12,	'Josip',	'Grizelj',	'',	'Podkrstina bb',	'Sovići Gornji',	'123456',	'josip.grizelj@gmail.com',	1),
(13,	'Ante',	'Pejić',	'',	'Pejići bb',	'Sovići Donji',	'123456',	'ante.pejić@gmail.com',	1),
(14,	'Marko',	'Vlašić',	'',	'Vlašići bb',	'Sovići Gornji',	'123456',	'marko.vlašić@gmail.com',	1),
(15,	'Matea',	'Boban',	'',	'Bobanova Draga bb',	'Sovići Donji',	'123456',	'matea.boban@gmail.com',	1),
(16,	'Petar',	'Soldo',	'',	'Lukovac bb',	'Sovići Gornji',	'123456',	'petar.soldo@gmail.com',	1),
(17,	'Josip',	'Jasak',	'',	'Podkrstina bb',	'Sovići Gornji',	'123456',	'josip.jasak@gmail.com',	1),
(18,	'Mate',	'Prlić',	'',	'Prlići bb',	'Sovići Donji',	'123456',	'mate.prlić@gmail.com',	1),
(19,	'Mate',	'Pejić',	'',	'Pejići bb',	'Sovići Donji',	'123456',	'mate.pejić@gmail.com',	1),
(20,	'Ivan',	'Vlašić',	'',	'Vlašići bb',	'Sovići Gornji',	'123456',	'ivan.vlašić@gmail.com',	1),
(21,	'Matea',	'Vokić',	'',	'Vokići bb',	'Sovići Gornji',	'123456',	'matea.vokić@gmail.com',	1),
(22,	'Matea',	'Soldo',	'',	'Lukovac bb',	'Sovići Gornji',	'123456',	'matea.soldo@gmail.com',	1),
(23,	'Marija',	'Boban',	'',	'Bobanova Draga bb',	'Sovići Donji',	'123456',	'marija.boban@gmail.com',	1),
(24,	'Matea',	'Grizelj',	'',	'Podkrstina bb',	'Sovići Gornji',	'123456',	'matea.grizelj@gmail.com',	1),
(25,	'Josip',	'Šimić',	'',	'Šimići bb',	'Sovići Donji',	'123456',	'josip.šimić@gmail.com',	1),
(26,	'Ivan',	'Vokić',	'',	'Vokići bb',	'Sovići Gornji',	'123456',	'ivan.vokić@gmail.com',	1),
(27,	'Ivan',	'Zorić',	'',	'Lukovac bb',	'Sovići Gornji',	'123456',	'ivan.zorić@gmail.com',	1),
(28,	'Petar',	'Šimić',	'',	'Šimići bb',	'Sovići Donji',	'123456',	'petar.šimić@gmail.com',	1),
(29,	'Ivana',	'Vlašić',	'',	'Vlašići bb',	'Sovići Gornji',	'123456',	'ivana.vlašić@gmail.com',	1),
(30,	'Petar',	'Boban',	'',	'Bobanova Draga bb',	'Sovići Donji',	'123456',	'petar.boban@gmail.com',	1),
(31,	'Ante',	'Šimić',	'',	'Šimići bb',	'Sovići Donji',	'123456',	'ante.šimić@gmail.com',	1),
(32,	'Ivana',	'Grizelj',	'',	'Podkrstina bb',	'Sovići Gornji',	'123456',	'ivana.grizelj@gmail.com',	1),
(33,	'Josip',	'Paradžik',	'',	'Stubli bb',	'Gorica',	'123456',	'josip.paradžik@gmail.com',	1),
(34,	'Matea',	'Zorić',	'',	'Lukovac bb',	'Sovići Gornji',	'123456',	'matea.zorić@gmail.com',	1),
(35,	'Ante',	'Vlašić',	'',	'Vlašići bb',	'Sovići Gornji',	'123456',	'ante.vlašić@gmail.com',	1),
(36,	'Ivan',	'Paradžik',	'',	'Stubli bb',	'Gorica',	'123456',	'ivan.paradžik@gmail.com',	1),
(37,	'Josip',	'Galić',	'',	'Galići bb',	'Gorica',	'123456',	'josip.galić@gmail.com',	1),
(38,	'Ivan',	'Galić',	'',	'Galići bb',	'Gorica',	'123456',	'ivan.galić@gmail.com',	1),
(39,	'Ivan',	'Šimić',	'',	'Šimići bb',	'Sovići Donji',	'123456',	'ivan.šimić@gmail.com',	1),
(40,	'Ivana',	'Zorić',	'',	'Lukovac bb',	'Sovići Gornji',	'123456',	'ivana.zorić@gmail.com',	1),
(41,	'Mate',	'Grizelj',	'',	'Podkrstina bb',	'Sovići Gornji',	'123456',	'mate.grizelj@gmail.com',	1),
(42,	'Petar',	'Jasak',	'',	'Podkrstina bb',	'Sovići Gornji',	'123456',	'petar.jasak@gmail.com',	1),
(43,	'Josip',	'Boban',	'',	'Bobanova Draga bb',	'Sovići Donji',	'123456',	'josip.boban@gmail.com',	1),
(44,	'Petar',	'Pejić',	'',	'Pejići bb',	'Sovići Donji',	'123456',	'petar.pejić@gmail.com',	1),
(45,	'Ivana',	'Prlić',	'',	'Prlići bb',	'Sovići Donji',	'123456',	'ivana.prlić@gmail.com',	1),
(46,	'Josip',	'Bušić',	'',	'Stubli bb',	'Gorica',	'123456',	'josip.bušić@gmail.com',	1),
(47,	'Marko',	'Zorić',	'',	'Lukovac bb',	'Sovići Gornji',	'123456',	'marko.zorić@gmail.com',	1),
(48,	'Ante',	'Jasak',	'',	'Podkrstina bb',	'Sovići Gornji',	'123456',	'ante.jasak@gmail.com',	1),
(49,	'Mabog',	'',	'',	'Podkrstina bb',	'Sovići Gornji',	'123456',	'mabog@gmail.com',	2),
(50,	'Petar',	'Vlašić',	'',	'Vlašići bb',	'Sovići Gornji',	'123456',	'petar.vlašić@gmail.com',	1),
(51,	'Mate',	'Soldo',	'',	'Lukovac bb',	'Sovići Gornji',	'123456',	'mate.soldo@gmail.com',	1),
(52,	'Mate',	'Paradžik',	'',	'Stubli bb',	'Gorica',	'123456',	'mate.paradžik@gmail.com',	1),
(53,	'Ivan',	'Soldo',	'',	'Lukovac bb',	'Sovići Gornji',	'123456',	'ivan.soldo@gmail.com',	1),
(54,	'M.A.L. Grizelj',	'',	'',	'Dubrava bb',	'Sovići Gornji',	'123456',	'mal.grizelj@gmail.com',	2),
(55,	'Marko',	'Soldo',	'',	'Lukovac bb',	'Sovići Gornji',	'123456',	'marko.soldo@gmail.com',	1),
(56,	'Ante',	'Galić',	'',	'Galići bb',	'Gorica',	'123456',	'ante.galić@gmail.com',	1),
(57,	'Marija',	'Galić',	'',	'Galići bb',	'Gorica',	'123456',	'marija.galić@gmail.com',	1),
(58,	'Ćoso d.o.o',	'',	'',	'Podkrstina bb',	'Sovići Gornji',	'123456',	'coso@gmail.com',	2),
(59,	'Josip',	'Soldo',	'',	'Lukovac bb',	'Sovići Gornji',	'123456',	'josip.soldo@gmail.com',	1),
(60,	'Ante',	'Zorić',	'',	'Lukovac bb',	'Sovići Gornji',	'123456',	'ante.zorić@gmail.com',	1),
(61,	'Ivana',	'Pejić',	'',	'Pejići bb',	'Sovići Donji',	'123456',	'ivana.pejić@gmail.com',	1),
(62,	'Marko',	'Grizelj',	'',	'Podkrstina bb',	'Sovići Gornji',	'123456',	'marko.grizelj@gmail.com',	1),
(63,	'Ante',	'Boban',	'',	'Bobanova Draga bb',	'Sovići Donji',	'123456',	'ante.boban@gmail.com',	1),
(64,	'Ivan',	'Bušić',	'',	'Stubli bb',	'Gorica',	'123456',	'ivan.bušić@gmail.com',	1),
(65,	'Novi Dom d.o.o',	'',	'',	'Bobanova Draga bb',	'Sovići Donji',	'123456',	'novi.dom@gmail.com',	2),
(66,	'Petar',	'Grizelj',	'',	'Podkrstina bb',	'Sovići Gornji',	'123456',	'petar.grizelj@gmail.com',	1),
(67,	'Matea',	'Bušić',	'',	'Stubli bb',	'Gorica',	'123456',	'matea.bušić@gmail.com',	1),
(68,	'Petar',	'Galić',	'',	'Galići bb',	'Gorica',	'123456',	'petar.galić@gmail.com',	1),
(69,	'Eljuga Prom',	'',	'',	'Pejići bb',	'Sovići Donji',	'123456',	'eljuga.prom@gmail.com',	2),
(70,	'Marija',	'Vokić',	'',	'Vokići bb',	'Sovići Gornji',	'123456',	'marija.vokić@gmail.com',	1),
(71,	'Marko',	'Boban',	'',	'Bobanova Draga bb',	'Sovići Donji',	'123456',	'marko.boban@gmail.com',	1),
(72,	'Josip',	'Zorić',	'',	'Lukovac bb',	'Sovići Gornji',	'123456',	'josip.zorić@gmail.com',	1),
(73,	'Josip',	'Vlašić',	'',	'Vlašići bb',	'Sovići Gornji',	'123456',	'josip.vlašić@gmail.com',	1),
(74,	'Mate',	'Boban',	'',	'Bobanova Draga bb',	'Sovići Donji',	'123456',	'mate.boban@gmail.com',	1),
(75,	'Marko',	'Galić',	'',	'Galići bb',	'Gorica',	'123456',	'marko.galić@gmail.com',	1),
(76,	'Ivana',	'Paradžik',	'',	'Stubli bb',	'Gorica',	'123456',	'ivana.paradžik@gmail.com',	1),
(77,	'Marija',	'Zorić',	'',	'Lukovac bb',	'Sovići Gornji',	'123456',	'marija.zorić@gmail.com',	1),
(78,	'Marko',	'Bušić',	'',	'Stubli bb',	'Gorica',	'123456',	'marko.bušić@gmail.com',	1),
(79,	'Ante',	'Vokić',	'',	'Vokići bb',	'Sovići Gornji',	'123456',	'ante.vokić@gmail.com',	1),
(80,	'Ivana',	'Bušić',	'',	'Stubli bb',	'Gorica',	'123456',	'ivana.bušić@gmail.com',	1),
(81,	'Matea',	'Prlić',	'',	'Prlići bb',	'Sovići Donji',	'123456',	'matea.prlić@gmail.com',	1),
(82,	'Petar',	'Zorić',	'',	'Lukovac bb',	'Sovići Gornji',	'123456',	'petar.zorić@gmail.com',	1),
(83,	'Josip',	'Pejić',	'',	'Pejići bb',	'Sovići Donji',	'123456',	'josip.pejić@gmail.com',	1),
(84,	'Ante',	'Grizelj',	'',	'Podkrstina bb',	'Sovići Gornji',	'123456',	'ante.grizelj@gmail.com',	1),
(85,	'Marija',	'Pejić',	'',	'Pejići bb',	'Sovići Donji',	'123456',	'marija.pejić@gmail.com',	1),
(86,	'Ante',	'Soldo',	'',	'Lukovac bb',	'Sovići Gornji',	'123456',	'ante.soldo@gmail.com',	1),
(87,	'Matea',	'Šimić',	'',	'Šimići bb',	'Sovići Donji',	'123456',	'matea.šimić@gmail.com',	1),
(88,	'Matea',	'Galić',	'',	'Galići bb',	'Gorica',	'123456',	'matea.galić@gmail.com',	1),
(89,	'Matea',	'Jasak',	'',	'Podkrstina bb',	'Sovići Gornji',	'123456',	'matea.jasak@gmail.com',	1),
(90,	'Josip',	'Vokić',	'',	'Vokići bb',	'Sovići Gornji',	'123456',	'josip.vokić@gmail.com',	1),
(91,	'Matea',	'Paradžik',	'',	'Stubli bb',	'Gorica',	'123456',	'matea.paradžik@gmail.com',	1),
(92,	'Petar',	'Bušić',	'',	'Stubli bb',	'Gorica',	'123456',	'petar.bušić@gmail.com',	1),
(93,	'Ivana',	'Jasak',	'',	'Podkrstina bb',	'Sovići Gornji',	'123456',	'ivana.jasak@gmail.com',	1),
(94,	'Marko',	'Paradžik',	'',	'Stubli bb',	'Gorica',	'123456',	'marko.paradžik@gmail.com',	1),
(95,	'Ivana',	'Vokić',	'',	'Vokići bb',	'Sovići Gornji',	'123456',	'ivana.vokić@gmail.com',	1),
(96,	'Ivana',	'Soldo',	'',	'Lukovac bb',	'Sovići Gornji',	'123456',	'ivana.soldo@gmail.com',	1),
(97,	'Ante',	'Prlić',	'',	'Prlići bb',	'Sovići Donji',	'123456',	'ante.prlić@gmail.com',	1),
(98,	'Marko',	'Šimić',	'',	'Šimići bb',	'Sovići Donji',	'123456',	'marko.šimić@gmail.com',	1),
(99,	'Marija',	'Bušić',	'',	'Stubli bb',	'Gorica',	'123456',	'marija.bušić@gmail.com',	1),
(100,	'Mate',	'Vlašić',	'',	'Vlašići bb',	'Sovići Gornji',	'123456',	'mate.vlašić@gmail.com',	1),
(101,	'Petar',	'Paradžik',	'',	'Stubli bb',	'Gorica',	'123456',	'petar.paradžik@gmail.com',	1),
(102,	'Marko',	'Pejić',	'',	'Pejići bb',	'Sovići Donji',	'123456',	'marko.pejić@gmail.com',	1),
(103,	'Marija',	'Soldo',	'',	'Lukovac bb',	'Sovići Gornji',	'123456',	'marija.soldo@gmail.com',	1),
(104,	'Josip',	'Prlić',	'',	'Prlići bb',	'Sovići Donji',	'123456',	'josip.prlić@gmail.com',	1),
(105,	'Marija',	'Paradžik',	'',	'Stubli bb',	'Gorica',	'123456',	'marija.paradžik@gmail.com',	1),
(106,	'Marija',	'Prlić',	'',	'Prlići bb',	'Sovići Donji',	'123456',	'marija.prlić@gmail.com',	1),
(107,	'Mate',	'Bušić',	'',	'Stubli bb',	'Gorica',	'123456',	'mate.bušić@gmail.com',	1),
(108,	'Hifa Petrol',	'',	'',	'Lukovac bb',	'Sovići Gornji',	'123456',	'hifa.petrol@gmail.com',	2),
(109,	'Ivana',	'Boban',	'',	'Bobanova Draga bb',	'Sovići Donji',	'123456',	'ivana.boban@gmail.com',	1),
(110,	'Petar',	'Vokić',	'',	'Vokići bb',	'Sovići Gornji',	'123456',	'petar.vokić@gmail.com',	1),
(111,	'Mate',	'Jasak',	'',	'Podkrstina bb',	'Sovići Gornji',	'123456',	'mate.jasak@gmail.com',	1),
(112,	'Ante',	'Paradžik',	'',	'Stubli bb',	'Gorica',	'123456',	'ante.paradžik@gmail.com',	1),
(113,	'Ante',	'Bušić',	'',	'Stubli bb',	'Gorica',	'123456',	'ante.bušić@gmail.com',	1),
(114,	'Marko',	'Vokić',	'',	'Vokići bb',	'Sovići Gornji',	'123456',	'marko.vokić@gmail.com',	1),
(115,	'Petar',	'Prlić',	'',	'Prlići bb',	'Sovići Donji',	'123456',	'petar.prlić@gmail.com',	1),
(116,	'Ivan',	'Boban',	'',	'Bobanova Draga bb',	'Sovići Donji',	'123456',	'ivan.boban@gmail.com',	1),
(117,	'Matea',	'Pejić',	'',	'Pejići bb',	'Sovići Donji',	'123456',	'matea.pejić@gmail.com',	1),
(118,	'Marija',	'Vlašić',	'',	'Vlašići bb',	'Sovići Gornji',	'123456',	'marija.vlašić@gmail.com',	1),
(119,	'Ivan',	'Pejić',	'',	'Pejići bb',	'Sovići Donji',	'123456',	'ivan.pejić@gmail.com',	1),
(120,	'Matea',	'Vlašić',	'',	'Vlašići bb',	'Sovići Gornji',	'123456',	'matea.vlašić@gmail.com',	1),
(121,	'Marija',	'Grizelj',	'',	'Podkrstina bb',	'Sovići Gornji',	'123456',	'marija.grizelj@gmail.com',	1),
(122,	'Marko',	'Jasak',	'',	'Podkrstina bb',	'Sovići Gornji',	'123456',	'marko.jasak@gmail.com',	1),
(123,	'Marija',	'Jasak',	'',	'Podkrstina bb',	'Sovići Gornji',	'123456',	'marija.jasak@gmail.com',	1),
(124,	'Ivan',	'Prlić',	'',	'Prlići bb',	'Sovići Donji',	'123456',	'ivan.prlić@gmail.com',	1),
(125,	'Bata',	'',	'',	'Šimići bb',	'Sovići Donji',	'123456',	'bata@gmail.com',	3);

CREATE TABLE `transfers` (
  `id` bigint NOT NULL AUTO_INCREMENT,
  `transfer_date` date NOT NULL,
  `debt` bigint NOT NULL,
  `credit` bigint NOT NULL,
  `invoice_id` bigint NOT NULL,
  PRIMARY KEY (`id`),
  KEY `fk_transfer_invoice_id` (`invoice_id`),
  CONSTRAINT `fk_transfer_invoice_id` FOREIGN KEY (`invoice_id`) REFERENCES `invoices` (`id`) ON DELETE RESTRICT ON UPDATE RESTRICT
) ENGINE=InnoDB DEFAULT CHARSET=utf8;

INSERT INTO `transfers` (`id`, `transfer_date`, `debt`, `credit`, `invoice_id`) VALUES
(1,	'2019-01-30',	0,	4000,	1),
(2,	'2019-02-20',	0,	4000,	2),
(3,	'2019-02-10',	0,	4000,	7),
(4,	'2019-02-10',	0,	4000,	8),
(5,	'2019-02-10',	0,	4000,	9),
(6,	'2019-03-10',	0,	4000,	10),
(7,	'2019-03-10',	0,	4000,	11),
(8,	'2019-03-10',	0,	4000,	12),
(9,	'2019-03-10',	0,	4000,	13),
(10,	'2019-03-10',	0,	4000,	14),
(11,	'2019-03-10',	0,	4000,	16),
(12,	'2019-03-10',	0,	4000,	20),
(13,	'2019-04-10',	0,	4000,	21),
(14,	'2019-04-10',	0,	4000,	22),
(15,	'2019-04-10',	0,	4000,	24),
(16,	'2019-04-10',	0,	4000,	26),
(17,	'2019-04-10',	0,	4000,	33),
(18,	'2019-04-10',	0,	4000,	40),
(19,	'2019-04-10',	0,	4000,	43),
(20,	'2019-04-10',	0,	4000,	46),
(21,	'2019-04-10',	0,	4000,	60),
(22,	'2019-04-10',	0,	4000,	61),
(23,	'2019-04-10',	0,	4000,	62),
(24,	'2019-05-15',	0,	4000,	63),
(25,	'2019-05-15',	0,	4000,	64),
(26,	'2019-05-15',	0,	4000,	71),
(27,	'2019-05-15',	0,	4000,	72),
(28,	'2019-05-15',	0,	4000,	74),
(29,	'2019-05-15',	0,	4000,	76),
(30,	'2019-05-15',	0,	4000,	78),
(31,	'2019-05-15',	0,	4000,	79),
(32,	'2019-05-15',	0,	4000,	81),
(33,	'2019-05-15',	0,	4000,	82),
(34,	'2019-05-15',	0,	4000,	85),
(35,	'2019-05-15',	0,	4000,	87),
(36,	'2019-07-20',	0,	4000,	90),
(37,	'2019-07-20',	0,	4000,	91),
(38,	'2019-07-20',	0,	4000,	92),
(39,	'2019-07-20',	0,	4000,	93),
(40,	'2019-07-20',	0,	4000,	94),
(41,	'2019-07-20',	0,	4000,	95),
(42,	'2019-07-20',	0,	4000,	96),
(43,	'2019-07-20',	0,	4000,	97),
(44,	'2019-07-20',	0,	4000,	98),
(45,	'2019-07-20',	0,	4000,	99),
(46,	'2019-10-25',	0,	4000,	104),
(47,	'2019-10-25',	0,	4000,	105),
(48,	'2019-10-25',	0,	4000,	106),
(49,	'2019-10-25',	0,	4000,	107),
(50,	'2019-10-25',	0,	4000,	109),
(51,	'2019-10-25',	0,	4000,	112),
(52,	'2019-10-25',	0,	4000,	114),
(53,	'2019-10-25',	0,	4000,	116),
(54,	'2019-03-10',	15000,	0,	118),
(55,	'2019-04-20',	20000,	0,	119),
(56,	'2019-05-20',	10000,	0,	120),
(57,	'2019-07-20',	10000,	0,	121),
(58,	'2019-09-20',	20000,	0,	122),
(59,	'2019-02-20',	15000,	0,	124),
(60,	'2019-04-20',	20000,	0,	125),
(61,	'2019-05-20',	10000,	0,	126),
(62,	'2019-07-20',	5000,	0,	127),
(63,	'2019-02-20',	15000,	0,	130),
(64,	'2019-04-20',	20000,	0,	131),
(65,	'2019-05-20',	10000,	0,	132),
(66,	'2019-07-20',	10000,	0,	133),
(67,	'2019-02-20',	15000,	0,	136),
(68,	'2019-04-20',	20000,	0,	137),
(69,	'2019-05-20',	10000,	0,	138),
(70,	'2019-07-20',	10000,	0,	139),
(71,	'2019-09-20',	10000,	0,	140),
(72,	'2019-02-20',	70000,	0,	142),
(73,	'2019-04-20',	70000,	0,	143),
(74,	'2019-05-20',	70000,	0,	144),
(75,	'2019-07-20',	70000,	0,	145),
(76,	'2019-05-12',	0,	2000,	3);

-- 2021-02-27 19:08:10
